ip1	,25819.019531,2762635
ip2	,30824.000000,339064
ip3	,72209.000000,72209
ip4	,0.000000,0
ip5	,12550.000000,25100
ip6	,12550.000000,100400
ip7	,17620.000000,70480
ip8	,24088.875000,192711
ip9	,12550.000000,12550
ip10	,277.000000,554
ip11	,6518.500000,13037
ip12	,35950.910156,395460
ip13	,77170.304688,5016070
ip14	,33874.601563,338746
ip15	,1477.000000,1477
ip16	,95122.859375,12080603
ip17	,113135.601563,565678
ip18	,6745.000000,6745
ip19	,111604.250000,892834
ip20	,2433547.000000,2433547
ip21	,303.500000,607
ip22	,12550.000000,12550
ip23	,16248.000000,16248
ip24	,12550.000000,62750
ip25	,12550.000000,112950
ip26	,0.000000,0
ip27	,13920.608398,960522
ip28	,143.000000,286
ip29	,286.000000,286
ip30	,5057.375000,40459
ip31	,108932.976563,4684118
ip32	,57503.105469,16273379
ip33	,1363.166626,8179
ip34	,0.000000,0
ip35	,0.000000,0
ip36	,29793.666016,89381
ip37	,16409.427734,689196
ip38	,318.000000,318
ip39	,12550.000000,50200
ip40	,12550.000000,62750
ip41	,4964.437500,79431
ip42	,6412.000000,12824
ip43	,6245.517090,362240
ip44	,12550.000000,25100
ip45	,33874.601563,338746
ip46	,127.111115,1144
ip47	,7383.000000,7383
ip48	,24009.455078,264104
ip49	,105424.000000,105424
ip50	,81083.000000,81083
ip51	,72090.000000,72090
ip52	,6412.000000,12824
ip53	,22814.000000,22814
ip54	,403.250000,3226
ip55	,22814.000000,22814
ip56	,5688.000000,68256
ip57	,81083.000000,162166
ip58	,6412.000000,51296
ip59	,1645.666626,9874
ip60	,12550.000000,62750
ip61	,81083.000000,81083
ip62	,80023.398438,800234
ip63	,33874.601563,338746
ip64	,321725.000000,321725
ip65	,308.000000,308
ip66	,81083.000000,81083
ip67	,3352.500000,6705
ip68	,29514.000000,59028
ip69	,31679.000000,316790
ip70	,36928.000000,36928
ip71	,14684.875000,117479
ip72	,81083.000000,81083
ip73	,27484.714844,192393
ip74	,81083.000000,81083
ip75	,0.000000,0
ip76	,81083.000000,81083
ip77	,81083.000000,81083
ip78	,81083.000000,81083
ip79	,22814.000000,22814
ip80	,81083.000000,81083
ip81	,296.000000,592
ip82	,12550.000000,12550
ip83	,17620.000000,70480
ip84	,9622.454102,105847
ip85	,81083.000000,81083
ip86	,5066.875000,121605
ip87	,31679.000000,316790
ip88	,81083.000000,81083
ip89	,19659.630859,373533
ip90	,286.000000,572
ip91	,81083.000000,81083
ip92	,1847926.000000,3695852
ip93	,505197.500000,2020790
ip94	,277.000000,554
ip95	,8315.750000,33263
ip96	,12550.000000,25100
ip97	,12550.000000,62750
ip98	,2128.166748,12769
ip99	,12388.347656,284932
ip100	,4166.399902,41664
ip101	,12550.000000,163150
ip102	,37107.000000,37107
ip103	,4234.100098,42341
ip104	,4628.500000,27771
ip105	,3882.750000,15531
ip106	,21574.666016,129448
ip107	,31679.000000,316790
ip108	,1370.666626,4112
ip109	,12550.000000,138050
ip110	,25101.000000,25101
ip111	,81083.000000,81083
ip112	,304336.375000,2434691
ip113	,38496.000000,38496
ip114	,12550.000000,62750
ip115	,12550.000000,50200
ip116	,81083.000000,81083
ip117	,12550.000000,12550
ip118	,44679.273438,491472
ip119	,114.400002,572
ip120	,54590.667969,327544
ip121	,69181.000000,69181
ip122	,95.333336,286
ip123	,114.400002,572
ip124	,276.666656,830
ip125	,12550.000000,62750
ip126	,23198.505859,2064667
ip127	,12550.000000,12550
ip128	,109969.289063,3409048
ip129	,32582.000000,390984
ip130	,9829.500000,19659
ip131	,7207.000000,14414
ip132	,15413.000000,61652
ip133	,8586.000000,17172
ip134	,10571.400391,52857
ip135	,9335.000000,28005
ip136	,30824.000000,339064
ip137	,12550.000000,12550
ip138	,12550.000000,50200
ip139	,8429.000000,33716
ip140	,20993.644531,4849532
ip141	,111604.250000,446417
ip142	,0.000000,0
ip143	,143.000000,286
ip144	,12550.000000,12550
ip145	,9074.500000,18149
ip146	,30824.000000,339064
ip147	,27818.083984,3977986
ip148	,5164.666504,15494
ip149	,338171.250000,1352685
ip150	,5057.375000,40459
ip151	,25572.375000,409158
ip152	,33874.601563,338746
ip153	,20734.166016,373215
ip154	,143.000000,286
ip155	,31152.625000,249221
ip156	,12550.000000,25100
ip157	,12550.000000,12550
ip158	,10529.000000,10529
ip159	,12550.000000,313750
ip160	,33874.601563,338746
ip161	,6412.000000,12824
ip162	,294.000000,294
ip163	,145223.250000,1742679
ip164	,6877.000000,20631
ip165	,277.000000,1108
ip166	,0.000000,0
ip167	,12550.000000,62750
ip168	,26399.000000,211192
ip169	,4765.872559,262123
ip170	,30824.000000,339064
ip171	,12550.000000,37650
ip172	,12550.000000,50200
ip173	,130482.000000,130482
ip174	,81083.000000,81083
ip175	,5285.000000,26425
ip176	,4166.399902,41664
ip177	,33874.601563,338746
ip178	,12550.000000,12550
ip179	,9829.500000,19659
ip180	,66908.500000,133817
ip181	,33874.601563,338746
ip182	,7583.000000,22749
ip183	,33874.601563,338746
ip184	,81083.000000,81083
ip185	,81083.000000,81083
ip186	,13600.000000,13600
ip187	,33068.667969,396824
ip188	,92342.335938,277027
ip189	,12550.000000,50200
ip190	,33874.601563,338746
ip191	,274.000000,2466
ip192	,12550.000000,12550
ip193	,81083.000000,81083
ip194	,300.500000,601
ip195	,12550.000000,25100
ip196	,12550.000000,37650
ip197	,33874.601563,338746
ip198	,33874.601563,338746
ip199	,30341.355469,940582
ip200	,5852.037598,310158
ip201	,276266.000000,552532
ip202	,311.000000,622
ip203	,30824.000000,339064
ip204	,0.000000,0
ip205	,21574.666016,129448
ip206	,33874.601563,338746
ip207	,13377.000000,13377
ip208	,9829.500000,19659
ip209	,290.000000,1160
ip210	,33068.667969,396824
ip211	,4971.000000,14913
ip212	,31679.000000,316790
ip213	,7383.000000,7383
ip214	,130482.000000,130482
ip215	,20084.000000,40168
ip216	,12550.000000,50200
ip217	,12550.000000,62750
ip218	,107712.000000,107712
ip219	,81083.000000,81083
ip220	,81083.000000,81083
ip221	,54055.332031,162166
ip222	,1134786.500000,2269573
ip223	,12550.000000,12550
ip224	,22418.099609,224181
ip225	,2910.666748,26196
ip226	,31679.000000,316790
ip227	,81083.000000,81083
ip228	,81083.000000,81083
ip229	,6418.500000,12837
ip230	,8681.111328,78130
ip231	,20084.000000,80336
ip232	,297.500000,595
ip233	,12550.000000,37650
ip234	,12550.000000,25100
ip235	,8462.000000,50772
ip236	,100235.000000,100235
ip237	,12550.000000,12550
ip238	,33874.601563,338746
ip239	,22730.800781,454616
ip240	,11715.000000,11715
ip241	,145738.250000,582953
ip242	,95.333336,286
ip243	,6412.000000,102592
ip244	,81083.000000,81083
ip245	,20734.166016,373215
ip246	,81083.000000,81083
ip247	,2033.400024,10167
ip248	,106253.664063,318761
ip249	,107609.750000,430439
ip250	,107609.750000,430439
ip251	,10050.666992,30152
ip252	,10098.833008,60593
ip253	,104535.250000,418141
ip254	,42217.332031,506608
ip255	,0.000000,0
ip256	,117492.000000,117492
ip257	,12550.000000,25100
ip258	,15384.857422,107694
ip259	,1370.666626,4112
ip260	,24368.052734,462993
ip261	,286.000000,286
ip262	,85179.835938,511079
ip263	,5694994.000000,5694994
ip264	,3619.750000,14479
ip265	,30824.000000,339064
ip266	,4633.333496,13900
ip267	,9315.286133,65207
ip268	,81083.000000,81083
ip269	,9829.500000,19659
ip270	,33874.601563,338746
ip271	,12550.000000,12550
ip272	,109331.000000,109331
ip273	,1370.666626,8224
ip274	,81083.000000,81083
ip275	,12550.000000,25100
ip276	,21174.800781,211748
ip277	,6315.250000,25261
ip278	,33874.601563,338746
ip279	,12550.000000,37650
ip280	,12550.000000,25100
ip281	,90222.335938,270667
ip282	,59295.000000,59295
ip283	,4166.399902,41664
ip284	,294.500000,589
ip285	,17750.353516,1153773
ip286	,38496.000000,38496
ip287	,30824.000000,339064
ip288	,33874.601563,338746
ip289	,26892.076172,349597
ip290	,24500.000000,49000
ip291	,12550.000000,12550
ip292	,13456.500000,53826
ip293	,4202.000000,16808
ip294	,111376.000000,111376
ip295	,4166.399902,41664
ip296	,1817.000000,3634
ip297	,9880.500000,19761
ip298	,1460.500000,2921
ip299	,1593.000000,1593
ip300	,12550.000000,12550
ip301	,26759.500000,428152
ip302	,25667.966797,770039
ip303	,72090.000000,72090
ip304	,7317.500000,14635
ip305	,65855.000000,65855
ip306	,41322.000000,123966
ip307	,33874.601563,338746
ip308	,38496.000000,38496
ip309	,110095.000000,110095
ip310	,30824.000000,339064
ip311	,12550.000000,37650
ip312	,12550.000000,25100
ip313	,318.000000,318
ip314	,143.000000,286
ip315	,7383.000000,7383
ip316	,0.000000,0
ip317	,33874.601563,338746
ip318	,0.000000,0
ip319	,12550.000000,50200
ip320	,110095.000000,110095
ip321	,26588.777344,239299
ip322	,8599.000000,8599
ip323	,0.000000,0
ip324	,30658.000000,30658
ip325	,24432.935547,757421
ip326	,43251.332031,129754
ip327	,17620.000000,70480
ip328	,143.000000,286
ip329	,318.000000,318
ip330	,12550.000000,12550
ip331	,30824.000000,339064
ip332	,33874.601563,338746
ip333	,26362.687500,421803
ip334	,12550.000000,25100
ip335	,116478.406250,5707442
ip336	,6271.000000,6271
ip337	,89907.500000,179815
ip338	,2680.500000,10722
ip339	,12910.400391,64552
ip340	,33874.601563,338746
ip341	,12550.000000,50200
ip342	,106253.664063,637522
ip343	,12550.000000,62750
ip344	,293.000000,293
ip345	,0.000000,0
ip346	,65855.000000,65855
ip347	,298.000000,1192
ip348	,4367.000000,13101
ip349	,306.500000,613
ip350	,30824.000000,339064
ip351	,17100.000000,34200
ip352	,109181.335938,327544
ip353	,117772.000000,235544
ip354	,6412.000000,12824
ip355	,25268.500000,50537
ip356	,9324.571289,65272
ip357	,33874.601563,338746
ip358	,7601.500000,15203
ip359	,20166.476563,423496
ip360	,12550.000000,12550
ip361	,116900.000000,116900
ip362	,9550.333008,57302
ip363	,0.000000,0
ip364	,4367.000000,13101
ip365	,30824.000000,339064
ip366	,210.000000,630
ip367	,138672.609375,1802744
ip368	,30824.000000,339064
ip369	,31025.666016,93077
ip370	,17997.000000,17997
ip371	,22814.000000,22814
ip372	,33874.601563,338746
ip373	,6553.000000,19659
ip374	,0.000000,0
ip375	,12550.000000,12550
ip376	,106402.140625,744815
ip377	,33068.667969,396824
ip378	,31679.000000,316790
ip379	,21978.857422,153852
ip380	,143.000000,286
ip381	,202.000000,606
ip382	,143.000000,286
ip383	,20734.166016,373215
ip384	,274.500000,549
ip385	,286.000000,286
ip386	,7746.250000,30985
ip387	,12550.000000,12550
ip388	,109331.000000,109331
ip389	,12550.000000,12550
ip390	,72090.000000,72090
ip391	,304.500000,609
ip392	,99989.312500,1599829
ip393	,4706.500000,18826
ip394	,20519.726563,2544446
ip395	,33874.601563,338746
ip396	,286.000000,286
ip397	,31211.714844,218482
ip398	,23297.000000,23297
ip399	,0.000000,0
ip400	,30824.000000,339064
ip401	,95.333336,286
ip402	,10781.833008,64691
ip403	,33874.601563,338746
ip404	,33874.601563,338746
ip405	,117492.000000,117492
ip406	,13112.713867,91789
ip407	,1584.666626,9508
ip408	,12550.000000,12550
ip409	,57737.000000,115474
ip410	,4922.000000,4922
ip411	,91446.132813,1371692
ip412	,314.000000,314
ip413	,314.000000,314
ip414	,314.000000,314
ip415	,13456.500000,26913
ip416	,119876.164063,1438514
ip417	,0.000000,0
ip418	,31510.230469,409633
ip419	,41828.000000,41828
ip420	,27738.500000,55477
ip421	,41437.000000,41437
ip422	,2604.000000,5208
ip423	,26941.937500,431071
ip424	,11452.272461,125975
ip425	,30824.000000,339064
ip426	,19222.500000,76890
ip427	,30824.000000,339064
ip428	,12550.000000,12550
ip429	,37505.000000,37505
ip430	,25895.066406,388426
ip431	,11452.272461,125975
ip432	,31679.000000,316790
ip433	,81083.000000,81083
ip434	,136885.921875,1916403
ip435	,116900.000000,116900
ip436	,3529.000000,74109
ip437	,143.000000,286
ip438	,4452.333496,40071
ip439	,6683.500000,13367
ip440	,25332.333984,75997
ip441	,318.000000,318
ip442	,33874.601563,338746
ip443	,17262.732422,258941
ip444	,71838.929688,1077584
ip445	,6745.000000,6745
ip446	,20084.000000,40168
ip447	,8599.000000,8599
ip448	,95.333336,286
ip449	,18723.826172,2153240
ip450	,22721.537109,931583
ip451	,13821.631836,262611
ip452	,12550.000000,12550
ip453	,91538.000000,91538
ip454	,225.000000,900
ip455	,654854.000000,654854
ip456	,0.000000,0
ip457	,117988.601563,589943
ip458	,26669.111328,240022
ip459	,286.000000,286
ip460	,81083.000000,81083
ip461	,5072.375000,121737
ip462	,7317.500000,14635
ip463	,7383.000000,14766
ip464	,30824.000000,339064
ip465	,4367.000000,13101
ip466	,153428.000000,306856
ip467	,143.000000,286
ip468	,395471.000000,1186413
ip469	,29093.539063,378216
ip470	,36647.398438,916185
ip471	,38496.000000,38496
ip472	,17620.000000,70480
ip473	,3795.333252,11386
ip474	,9795.580078,489779
ip475	,12550.000000,12550
ip476	,312.000000,312
ip477	,13600.000000,13600
ip478	,41431.000000,41431
ip479	,20796.087891,478310
ip480	,238.199997,1191
ip481	,11452.272461,125975
ip482	,612.799988,3064
ip483	,33874.601563,338746
ip484	,13596.000000,13596
ip485	,26973.945313,485531
ip486	,16635.000000,465780
ip487	,3564.000000,3564
ip488	,20734.166016,373215
ip489	,4331.500000,8663
ip490	,7339.333496,22018
ip491	,1370.666626,4112
ip492	,22108.000000,22108
ip493	,0.000000,0
ip494	,0.000000,0
ip495	,303.500000,607
ip496	,12550.000000,125500
ip497	,14528.654297,377745
ip498	,2834.500000,5669
ip499	,4594.000000,41346
ip500	,121229.203125,606146
ip501	,12550.000000,37650
ip502	,16401.199219,164012
ip503	,69181.000000,69181
ip504	,26513.705078,450733
ip505	,41437.000000,41437
ip506	,12550.000000,12550
ip507	,13596.000000,13596
ip508	,299.000000,598
ip509	,40416.000000,40416
ip510	,2117.500000,8470
ip511	,12550.000000,12550
ip512	,33874.601563,338746
ip513	,12550.000000,12550
ip514	,29093.539063,378216
ip515	,13523.900391,270478
ip516	,26719.234375,454227
ip517	,9016.000000,9016
ip518	,3924.000000,15696
ip519	,0.000000,0
ip520	,31679.000000,316790
ip521	,12550.000000,12550
ip522	,3477.666748,10433
ip523	,244.399994,1222
ip524	,33874.601563,338746
ip525	,101120.601563,505603
ip526	,286.000000,286
ip527	,150202.171875,1802426
ip528	,33874.601563,338746
ip529	,41828.000000,41828
ip530	,18877.953125,396437
ip531	,16104.555664,144941
ip532	,33874.601563,338746
ip533	,318.000000,318
ip534	,37505.000000,37505
ip535	,12550.000000,12550
ip536	,66836.000000,735196
ip537	,15952.125000,127617
ip538	,4700.500000,18802
ip539	,29521.818359,324740
ip540	,53502.566406,1230559
ip541	,13000.000000,39000
ip542	,19341.000000,19341
ip543	,81083.000000,81083
ip544	,72090.000000,72090
ip545	,7383.000000,7383
ip546	,16683.333984,50050
ip547	,117492.000000,117492
ip548	,34868.578125,662503
ip549	,31211.714844,218482
ip550	,20734.166016,373215
ip551	,20734.166016,373215
ip552	,12550.000000,62750
ip553	,112796.710938,1579154
ip554	,55332.000000,110664
ip555	,33874.601563,338746
ip556	,21174.800781,211748
ip557	,7540.666504,22622
ip558	,33874.601563,338746
ip559	,2088.000000,2088
ip560	,111604.250000,446417
ip561	,2369242.500000,4738485
ip562	,31025.666016,93077
ip563	,17863.000000,17863
ip564	,25571.500000,409144
ip565	,24088.875000,192711
ip566	,505862.000000,5058620
ip567	,72090.000000,72090
ip568	,81083.000000,81083
ip569	,12550.000000,12550
ip570	,12550.000000,25100
ip571	,569239.000000,2276956
ip572	,59295.000000,59295
ip573	,318.000000,318
ip574	,16801.500000,134412
ip575	,1168.000000,7008
ip576	,8198.750000,65590
ip577	,110095.000000,110095
ip578	,12550.000000,25100
ip579	,8198.750000,65590
ip580	,31679.000000,316790
ip581	,9829.500000,19659
ip582	,7341.909180,80761
ip583	,12550.000000,12550
ip584	,20182.378906,746748
ip585	,41828.000000,41828
ip586	,31679.000000,316790
ip587	,81083.000000,81083
ip588	,8198.750000,65590
ip589	,27545.250000,220362
ip590	,143.000000,572
ip591	,13600.000000,13600
ip592	,58136.000000,58136
ip593	,41828.000000,41828
ip594	,0.000000,0
ip595	,81083.000000,81083
ip596	,105830.000000,105830
ip597	,1370.666626,4112
ip598	,9825.000000,9825
ip599	,143.000000,286
ip600	,31679.000000,316790
ip601	,277.000000,554
ip602	,109331.000000,109331
ip603	,13836.485352,484277
ip604	,13714.400391,68572
ip605	,22814.000000,22814
ip606	,11077.000000,11077
ip607	,24088.875000,192711
ip608	,12550.000000,37650
ip609	,6412.000000,12824
ip610	,21174.800781,211748
ip611	,8198.750000,131180
ip612	,15036.102539,586408
ip613	,17620.000000,70480
ip614	,6943.000000,13886
ip615	,40027.000000,40027
ip616	,110095.000000,110095
ip617	,30824.000000,339064
ip618	,12271.000000,12271
ip619	,8655.000000,8655
ip620	,12550.000000,37650
ip621	,143.000000,286
ip622	,28790.000000,28790
ip623	,277.000000,277
ip624	,4377.333496,13132
ip625	,65855.000000,65855
ip626	,15384.857422,107694
ip627	,35163.554688,316472
ip628	,12550.000000,50200
ip629	,19659.630859,373533
ip630	,30824.000000,339064
ip631	,33874.601563,338746
ip632	,28255.333984,339064
ip633	,9829.500000,19659
ip634	,14603.310547,423496
ip635	,28500.375000,228003
ip636	,1190.500000,2381
ip637	,33068.667969,396824
ip638	,109181.335938,327544
ip639	,143.000000,286
ip640	,0.000000,0
ip641	,33874.601563,338746
ip642	,20734.166016,373215
ip643	,106253.664063,318761
ip644	,8599.000000,8599
ip645	,106253.664063,318761
ip646	,15384.857422,107694
ip647	,109230.500000,218461
ip648	,31679.000000,316790
ip649	,30824.000000,339064
ip650	,143.000000,286
ip651	,17620.000000,70480
ip652	,12550.000000,100400
ip653	,3083.571533,21585
ip654	,9880.500000,19761
ip655	,20405.500000,40811
ip656	,9829.500000,19659
ip657	,27998.562500,447977
ip658	,6375.500000,12751
ip659	,122300.000000,122300
ip660	,16401.199219,164012
ip661	,16401.199219,164012
ip662	,105830.000000,105830
ip663	,25439.646484,432474
ip664	,27738.500000,55477
ip665	,12550.000000,12550
ip666	,0.000000,0
ip667	,318.000000,636
ip668	,33874.601563,338746
ip669	,10113.700195,101137
ip670	,23319.646484,396434
ip671	,110095.000000,110095
ip672	,40874.000000,40874
ip673	,160941.328125,482824
ip674	,29093.539063,378216
ip675	,33874.601563,338746
ip676	,17620.000000,70480
ip677	,22315.833984,267790
ip678	,41828.000000,41828
ip679	,8198.750000,65590
ip680	,0.000000,0
ip681	,30824.000000,339064
ip682	,91381.664063,274145
ip683	,33874.601563,338746
ip684	,286.000000,286
ip685	,2905.000000,2905
ip686	,9829.500000,19659
ip687	,16049.428711,224692
ip688	,4166.399902,41664
ip689	,33874.601563,338746
ip690	,25861.000000,284471
ip691	,12810.000000,12810
ip692	,30824.000000,339064
ip693	,12550.000000,25100
ip694	,102525.101563,2050502
ip695	,15384.857422,107694
ip696	,302.500000,605
ip697	,15384.857422,107694
ip698	,37505.000000,37505
ip699	,630705.000000,2522820
ip700	,33874.601563,338746
ip701	,16248.000000,16248
ip702	,20720.777344,186487
ip703	,12550.000000,12550
ip704	,16401.199219,164012
ip705	,12550.000000,50200
ip706	,33874.601563,338746
ip707	,8198.750000,65590
ip708	,6412.000000,25648
ip709	,143.000000,286
ip710	,110095.000000,110095
ip711	,19659.630859,373533
ip712	,30824.000000,339064
ip713	,25015.773438,775489
ip714	,33874.601563,338746
ip715	,9829.500000,19659
ip716	,109331.000000,109331
ip717	,33874.601563,338746
ip718	,9829.500000,19659
ip719	,33874.601563,338746
ip720	,13112.713867,91789
ip721	,65855.000000,65855
ip722	,10220.083984,2667442
ip723	,143.000000,572
ip724	,30824.000000,339064
ip725	,31679.000000,316790
ip726	,111604.250000,446417
ip727	,46943.000000,93886
ip728	,9829.500000,19659
ip729	,56744.066406,851161
ip730	,44538.937500,3518576
ip731	,6667.500000,13335
ip732	,30824.000000,339064
ip733	,12547.857422,87835
ip734	,103816.335938,311449
ip735	,302.500000,605
ip736	,27555.400391,413331
ip737	,29739.857422,416358
ip738	,33874.601563,338746
ip739	,25556.250000,408900
ip740	,12550.000000,12550
ip741	,37454.714844,262183
ip742	,286.000000,286
ip743	,2905.000000,2905
ip744	,143.000000,286
ip745	,12550.000000,37650
ip746	,559599.000000,559599
ip747	,24368.052734,462993
ip748	,12550.000000,25100
ip749	,65855.000000,65855
ip750	,30824.000000,339064
ip751	,6412.000000,12824
ip752	,12808.000000,12808
ip753	,12550.000000,12550
ip754	,159.000000,318
ip755	,37505.000000,37505
ip756	,20405.500000,40811
ip757	,6275.000000,12550
ip758	,33068.667969,396824
ip759	,65855.000000,65855
ip760	,36360.667969,218164
ip761	,99060.234375,1287783
ip762	,12550.000000,25100
ip763	,113948.750000,455795
ip764	,30824.000000,339064
ip765	,5536.000000,11072
ip766	,32276.666016,677810
ip767	,286.000000,286
ip768	,19659.630859,373533
ip769	,31679.000000,316790
ip770	,23227.000000,92908
ip771	,16977.142578,594200
ip772	,17458.000000,34916
ip773	,26914.646484,457549
ip774	,0.000000,0
ip775	,84528.601563,422643
ip776	,26669.111328,240022
ip777	,4971.000000,14913
ip778	,81083.000000,81083
ip779	,39125.250000,156501
ip780	,7030.000000,14060
ip781	,91381.664063,274145
ip782	,6418.000000,12836
ip783	,76857.000000,153714
ip784	,5180.555664,46625
ip785	,21436.296875,1371923
ip786	,318.000000,318
ip787	,24665.312500,394645
ip788	,30824.000000,339064
ip789	,12324.000000,12324
ip790	,318.000000,636
ip791	,210197.000000,630591
ip792	,14684.875000,117479
ip793	,21073.000000,42146
ip794	,8198.750000,65590
ip795	,30715.000000,368580
ip796	,0.000000,0
ip797	,28467.500000,284675
ip798	,8198.750000,65590
ip799	,16401.199219,164012
ip800	,41828.000000,41828
ip801	,65855.000000,65855
ip802	,52842.000000,52842
ip803	,19659.630859,373533
ip804	,21174.800781,211748
ip805	,0.000000,0
ip806	,10808.315430,205358
ip807	,2551.833252,15311
ip808	,3515.500000,7031
ip809	,7383.000000,7383
ip810	,12550.000000,25100
ip811	,26378.599609,263786
ip812	,12550.000000,12550
ip813	,59545.000000,59545
ip814	,95.333336,286
ip815	,59295.000000,59295
ip816	,12550.000000,12550
ip817	,6412.000000,12824
ip818	,101310.398438,506552
ip819	,6412.000000,12824
ip820	,29573.000000,29573
ip821	,36287.000000,145148
ip822	,23348.750000,93395
ip823	,22018.666016,66056
ip824	,7863.500000,47181
ip825	,22345.064453,1720570
ip826	,12550.000000,12550
ip827	,29093.539063,378216
ip828	,27484.714844,192393
ip829	,95.333336,286
ip830	,41917.000000,41917
ip831	,2444.000000,4888
ip832	,6683.500000,13367
ip833	,99188.000000,1686196
ip834	,33874.601563,338746
ip835	,100235.000000,200470
ip836	,65855.000000,65855
ip837	,14573.125000,233170
ip838	,5072.375000,121737
ip839	,143.000000,286
ip840	,7317.500000,14635
ip841	,9109.142578,63764
ip842	,308.000000,308
ip843	,31025.666016,93077
ip844	,3537.500000,7075
ip845	,24009.455078,264104
ip846	,12550.000000,12550
ip847	,21867.000000,21867
ip848	,207.666672,623
ip849	,143.000000,286
ip850	,8199.000000,8199
ip851	,12550.000000,12550
ip852	,6943.000000,13886
ip853	,7317.500000,14635
ip854	,12550.000000,12550
ip855	,5693.000000,5693
ip856	,6412.000000,12824
ip857	,31262.000000,31262
ip858	,15434.000000,15434
ip859	,21174.800781,211748
ip860	,6412.000000,25648
ip861	,13000.000000,39000
ip862	,143.000000,286
ip863	,277.000000,277
ip864	,1190.500000,2381
ip865	,19574.785156,1096188
ip866	,5936.000000,11872
ip867	,277.000000,277
ip868	,4441.000000,4441
ip869	,2263.000000,2263
ip870	,35466.500000,70933
ip871	,20760.130859,477483
ip872	,31679.000000,316790
ip873	,15620.000000,15620
ip874	,34957.273438,384530
ip875	,12550.000000,12550
ip876	,12550.000000,12550
ip877	,17620.000000,70480
ip878	,6418.000000,12836
ip879	,4530.777832,40777
ip880	,106253.664063,318761
ip881	,5901.799805,88527
ip882	,12550.000000,12550
ip883	,4367.000000,13101
ip884	,143.000000,286
ip885	,45048.000000,90096
ip886	,274.000000,274
ip887	,6418.000000,12836
ip888	,8198.750000,65590
ip889	,34343.500000,68687
ip890	,12550.000000,12550
ip891	,286.000000,286
ip892	,4102.086914,94348
ip893	,7317.500000,14635
ip894	,30824.000000,339064
ip895	,42517.683594,807836
ip896	,12923.458008,930489
ip897	,100269.000000,401076
ip898	,29394.615234,382130
ip899	,117492.000000,117492
ip900	,6273.666504,18821
ip901	,41828.000000,41828
ip902	,11452.272461,125975
ip903	,59295.000000,59295
ip904	,18700.800781,374016
ip905	,8307.750000,33231
ip906	,31679.000000,316790
ip907	,34306.761719,720442
ip908	,111745.000000,111745
ip909	,110095.000000,110095
ip910	,21174.800781,211748
ip911	,8198.750000,65590
ip912	,8198.750000,65590
ip913	,41828.000000,41828
ip914	,97746.000000,781968
ip915	,8198.750000,65590
ip916	,24088.875000,192711
ip917	,82025.000000,164050
ip918	,30824.000000,339064
ip919	,12550.000000,12550
ip920	,24882.615234,323474
ip921	,12550.000000,12550
ip922	,34433.582031,413203
ip923	,33874.601563,338746
ip924	,35163.554688,316472
ip925	,286.000000,286
ip926	,31679.000000,316790
ip927	,35163.554688,316472
ip928	,31679.000000,316790
ip929	,35163.554688,316472
ip930	,27121.857422,379706
ip931	,31679.000000,316790
ip932	,25225.937500,403615
ip933	,35163.554688,316472
ip934	,34485.156250,655218
ip935	,31679.000000,316790
ip936	,35163.554688,316472
ip937	,35163.554688,316472
ip938	,35163.554688,316472
ip939	,31679.000000,316790
ip940	,30589.455078,336484
ip941	,31679.000000,316790
ip942	,35163.554688,316472
ip943	,31679.000000,316790
ip944	,31679.000000,316790
ip945	,31679.000000,316790
ip946	,31679.000000,316790
ip947	,28847.726563,317325
ip948	,35163.554688,316472
ip949	,31679.000000,316790
ip950	,35163.554688,316472
ip951	,31679.000000,316790
ip952	,31679.000000,316790
ip953	,35163.554688,316472
ip954	,24584.132813,368762
ip955	,32754.900391,327549
ip956	,31679.000000,316790
ip957	,31679.000000,316790
ip958	,31679.000000,316790
ip959	,31679.000000,316790
ip960	,31679.000000,316790
ip961	,31679.000000,316790
ip962	,31679.000000,316790
ip963	,31679.000000,316790
ip964	,35163.554688,316472
ip965	,35163.554688,316472
ip966	,23054.062500,368865
ip967	,28912.333984,86737
ip968	,38289.167969,229735
ip969	,31679.000000,316790
ip970	,31679.000000,316790
ip971	,35163.554688,316472
ip972	,31679.000000,316790
ip973	,26613.166016,319358
ip974	,31679.000000,316790
ip975	,31679.000000,316790
ip976	,29572.091797,325293
ip977	,31679.000000,316790
ip978	,31679.000000,316790
ip979	,31679.000000,316790
ip980	,31679.000000,316790
ip981	,31679.000000,316790
ip982	,28245.333984,338944
ip983	,35163.554688,316472
ip984	,35163.554688,316472
ip985	,35163.554688,316472
ip986	,31679.000000,316790
ip987	,31679.000000,316790
ip988	,35163.554688,316472
ip989	,31679.000000,316790
ip990	,11077.000000,11077
ip991	,35163.554688,316472
ip992	,31679.000000,316790
ip993	,32754.900391,327549
ip994	,27155.470703,461643
ip995	,31679.000000,316790
ip996	,31679.000000,316790
ip997	,31679.000000,316790
ip998	,38531.437500,616503
ip999	,31679.000000,316790
ip1000	,31679.000000,316790
ip1001	,29570.636719,325277
ip1002	,24777.466797,371662
ip1003	,28861.583984,346339
ip1004	,23904.412109,406375
ip1005	,31679.000000,316790
ip1006	,31679.000000,316790
ip1007	,24709.175781,420056
ip1008	,35163.554688,316472
ip1009	,31777.000000,540209
ip1010	,35163.554688,316472
ip1011	,31679.000000,316790
ip1012	,31032.166016,372386
ip1013	,31679.000000,316790
ip1014	,26236.687500,419787
ip1015	,35163.554688,316472
ip1016	,25869.250000,413908
ip1017	,25274.375000,404390
ip1018	,31679.000000,316790
ip1019	,31679.000000,316790
ip1020	,31679.000000,316790
ip1021	,35163.554688,316472
ip1022	,31679.000000,316790
ip1023	,31679.000000,316790
ip1024	,31679.000000,316790
ip1025	,31679.000000,316790
ip1026	,31204.000000,561672
ip1027	,31055.455078,341610
ip1028	,28317.785156,396449
ip1029	,31679.000000,316790
ip1030	,31679.000000,316790
ip1031	,12550.000000,12550
ip1032	,31679.000000,316790
ip1033	,26366.875000,421870
ip1034	,31679.000000,316790
ip1035	,25173.888672,226565
ip1036	,27521.062500,440337
ip1037	,31679.000000,316790
ip1038	,31679.000000,316790
ip1039	,28538.533203,428078
ip1040	,35163.554688,316472
ip1041	,31679.000000,316790
ip1042	,31679.000000,316790
ip1043	,41079.000000,616185
ip1044	,29519.250000,472308
ip1045	,35163.554688,316472
ip1046	,35163.554688,316472
ip1047	,35163.554688,316472
ip1048	,29806.091797,327867
ip1049	,31679.000000,316790
ip1050	,31679.000000,316790
ip1051	,25196.000000,403136
ip1052	,35163.554688,316472
ip1053	,24604.333984,221439
ip1054	,35163.554688,316472
ip1055	,25697.554688,231278
ip1056	,31679.000000,316790
ip1057	,35163.554688,316472
ip1058	,35163.554688,316472
ip1059	,31679.000000,316790
ip1060	,31679.000000,316790
ip1061	,31679.000000,316790
ip1062	,31679.000000,316790
ip1063	,35163.554688,316472
ip1064	,25752.187500,412035
ip1065	,32616.544922,358782
ip1066	,35163.554688,316472
ip1067	,31679.000000,316790
ip1068	,28512.927734,399181
ip1069	,31679.000000,316790
ip1070	,35163.554688,316472
ip1071	,31679.000000,316790
ip1072	,35163.554688,316472
ip1073	,25666.000000,359324
ip1074	,35163.554688,316472
ip1075	,35163.554688,316472
ip1076	,31679.000000,316790
ip1077	,35163.554688,316472
ip1078	,35163.554688,316472
ip1079	,31679.000000,316790
ip1080	,28094.750000,449516
ip1081	,31679.000000,316790
ip1082	,24956.937500,399311
ip1083	,35163.554688,316472
ip1084	,35163.554688,316472
ip1085	,31679.000000,316790
ip1086	,35163.554688,316472
ip1087	,31679.000000,316790
ip1088	,35163.554688,316472
ip1089	,35163.554688,316472
ip1090	,31679.000000,316790
ip1091	,35163.554688,316472
ip1092	,35163.554688,316472
ip1093	,35163.554688,316472
ip1094	,35163.554688,316472
ip1095	,41879.667969,125639
ip1096	,31679.000000,316790
ip1097	,40416.000000,40416
ip1098	,4729.000000,4729
ip1099	,34704.000000,381744
ip1100	,35163.554688,316472
ip1101	,17581.777344,316472
ip1102	,23398.117188,397768
ip1103	,28828.000000,317108
ip1104	,35163.554688,316472
ip1105	,35163.554688,316472
ip1106	,29806.091797,327867
ip1107	,35163.554688,316472
ip1108	,31679.000000,316790
ip1109	,27861.062500,445777
ip1110	,35163.554688,316472
ip1111	,35163.554688,316472
ip1112	,1014416.312500,6086498
ip1113	,31679.000000,316790
ip1114	,31679.000000,316790
ip1115	,24777.117188,421211
ip1116	,31679.000000,316790
ip1117	,24085.500000,48171
ip1118	,31679.000000,316790
ip1119	,31679.000000,316790
ip1120	,31679.000000,316790
ip1121	,0.000000,0
ip1122	,31679.000000,316790
ip1123	,32499.273438,357492
ip1124	,330.500000,661
ip1125	,141039.609375,1833515
ip1126	,60799.570313,851194
ip1127	,1190.500000,2381
ip1128	,90714.250000,1088571
ip1129	,14216.125000,227458
ip1130	,31679.000000,316790
ip1131	,11586.000000,11586
ip1132	,9966.500000,19933
ip1133	,12550.000000,12550
ip1134	,30824.000000,339064
ip1135	,12550.000000,37650
ip1136	,95051.000000,380204
ip1137	,89778.000000,89778
ip1138	,72090.000000,72090
ip1139	,33874.601563,338746
ip1140	,81083.000000,81083
ip1141	,110095.000000,110095
ip1142	,109181.335938,327544
ip1143	,9829.500000,19659
ip1144	,27484.714844,192393
ip1145	,31679.000000,316790
ip1146	,7540.666504,22622
ip1147	,11028.777344,99259
ip1148	,111604.250000,446417
ip1149	,53167.000000,106334
ip1150	,6412.000000,12824
ip1151	,5170.346191,134429
ip1152	,2143.000000,4286
ip1153	,22607.333984,203466
ip1154	,12550.000000,12550
ip1155	,31679.000000,316790
ip1156	,5612.666504,33676
ip1157	,1034.000000,4136
ip1158	,11077.000000,11077
ip1159	,11077.000000,11077
ip1160	,16724.000000,83620
ip1161	,15384.857422,107694
ip1162	,110095.000000,110095
ip1163	,110095.000000,110095
ip1164	,35163.554688,316472
ip1165	,66003.289063,12474621
ip1166	,7383.000000,7383
ip1167	,33874.601563,338746
ip1168	,0.000000,0
ip1169	,26795.529297,455524
ip1170	,16882.666016,50648
ip1171	,31679.000000,316790
ip1172	,30824.000000,339064
ip1173	,25861.000000,284471
ip1174	,12550.000000,12550
ip1175	,12550.000000,50200
ip1176	,81083.000000,81083
ip1177	,8198.750000,65590
ip1178	,12550.000000,12550
ip1179	,113948.750000,455795
ip1180	,4530.777832,40777
ip1181	,8198.750000,65590
ip1182	,0.000000,0
ip1183	,12697.000000,50788
ip1184	,8198.750000,65590
ip1185	,30824.000000,339064
ip1186	,59545.000000,59545
ip1187	,12538.225586,388685
ip1188	,106253.664063,318761
ip1189	,136400.000000,136400
ip1190	,30824.000000,339064
ip1191	,449995.187500,9899894
ip1192	,24227.000000,72681
ip1193	,14684.875000,117479
ip1194	,33874.601563,338746
ip1195	,0.000000,0
ip1196	,59545.000000,59545
ip1197	,30824.000000,339064
ip1198	,21174.800781,211748
ip1199	,62501.769531,812523
ip1200	,20734.166016,373215
ip1201	,120426.000000,240852
ip1202	,33874.601563,338746
ip1203	,0.000000,0
ip1204	,318.000000,318
ip1205	,25944.599609,389169
ip1206	,112121.375000,896971
ip1207	,21416.800781,214168
ip1208	,240566.000000,240566
ip1209	,277.000000,277
ip1210	,40840.144531,571762
ip1211	,12550.000000,12550
ip1212	,5972.000000,17916
ip1213	,12751.000000,12751
ip1214	,129256.000000,129256
ip1215	,102358.000000,102358
ip1216	,318.000000,318
ip1217	,6412.000000,12824
ip1218	,8599.000000,8599
ip1219	,16248.000000,16248
ip1220	,14917.000000,14917
ip1221	,32691.158203,621132
ip1222	,23691.660156,1113508
ip1223	,81083.000000,81083
ip1224	,14684.875000,117479
ip1225	,31679.000000,316790
ip1226	,31211.714844,218482
ip1227	,19659.630859,373533
ip1228	,21174.800781,211748
ip1229	,30824.000000,339064
ip1230	,22814.000000,22814
ip1231	,106611.500000,213223
ip1232	,6150.000000,6150
ip1233	,143.000000,286
ip1234	,72090.000000,72090
ip1235	,16401.199219,164012
ip1236	,30824.000000,339064
ip1237	,9829.500000,19659
ip1238	,113948.750000,455795
ip1239	,11968.000000,11968
ip1240	,41828.000000,41828
ip1241	,2143.000000,4286
ip1242	,153326.671875,459980
ip1243	,15119.222656,408219
ip1244	,33068.667969,396824
ip1245	,318.000000,318
ip1246	,31211.714844,218482
ip1247	,17199.625000,275194
ip1248	,21269.500000,127617
ip1249	,5057.375000,40459
ip1250	,29093.539063,378216
ip1251	,6418.000000,12836
ip1252	,100991.000000,100991
ip1253	,33874.601563,338746
ip1254	,30824.000000,339064
ip1255	,33874.601563,338746
ip1256	,16401.199219,164012
ip1257	,110095.000000,110095
ip1258	,7540.666504,22622
ip1259	,17620.000000,70480
ip1260	,30824.000000,339064
ip1261	,286.000000,286
ip1262	,9884.000000,19768
ip1263	,23639.945313,425519
ip1264	,290.000000,580
ip1265	,143.000000,286
ip1266	,31679.000000,316790
ip1267	,0.000000,0
ip1268	,132350.375000,1058803
ip1269	,303.500000,607
ip1270	,0.000000,0
ip1271	,88349.000000,441745
ip1272	,274.000000,274
ip1273	,143.000000,286
ip1274	,12550.000000,12550
ip1275	,4331.500000,8663
ip1276	,30824.000000,339064
ip1277	,22730.800781,454616
ip1278	,90473.000000,180946
ip1279	,30824.000000,339064
ip1280	,41828.000000,41828
ip1281	,25459.800781,127299
ip1282	,31679.000000,316790
ip1283	,12550.000000,25100
ip1284	,30824.000000,339064
ip1285	,33874.601563,338746
ip1286	,20058.039063,501451
ip1287	,34433.582031,413203
ip1288	,318.000000,318
ip1289	,36046.000000,396506
ip1290	,109181.335938,327544
ip1291	,23050.240234,1636567
ip1292	,24416.000000,122080
ip1293	,65855.000000,65855
ip1294	,143.000000,572
ip1295	,31679.000000,316790
ip1296	,30824.000000,339064
ip1297	,19341.000000,19341
ip1298	,31679.000000,316790
ip1299	,106253.664063,318761
ip1300	,12550.000000,12550
ip1301	,12550.000000,25100
ip1302	,14310.906250,457949
ip1303	,47937.429688,335562
ip1304	,21574.666016,129448
ip1305	,12550.000000,12550
ip1306	,8440.000000,42200
ip1307	,33874.601563,338746
ip1308	,286.000000,286
ip1309	,6412.000000,12824
ip1310	,33874.601563,338746
ip1311	,90520.500000,362082
ip1312	,7317.500000,14635
ip1313	,59295.000000,59295
ip1314	,33874.601563,338746
ip1315	,5694994.000000,5694994
ip1316	,33874.601563,338746
ip1317	,110095.000000,110095
ip1318	,28458.142578,398414
ip1319	,277.000000,277
ip1320	,1555.000000,6220
ip1321	,286.000000,286
ip1322	,8198.750000,196770
ip1323	,31873.333984,382480
ip1324	,65855.000000,65855
ip1325	,7383.000000,7383
ip1326	,82025.000000,164050
ip1327	,30090.824219,511544
ip1328	,327570.000000,655140
ip1329	,72090.000000,72090
ip1330	,9074.500000,18149
ip1331	,15801.666992,47405
ip1332	,57056.000000,57056
ip1333	,30824.000000,339064
ip1334	,14917.000000,14917
ip1335	,6745.000000,6745
ip1336	,19738.927734,1105380
ip1337	,12550.000000,25100
ip1338	,33874.601563,338746
ip1339	,0.000000,0
ip1340	,12550.000000,12550
ip1341	,35163.554688,316472
ip1342	,143.000000,572
ip1343	,11077.000000,11077
ip1344	,24088.875000,192711
ip1345	,13495.333008,40486
ip1346	,8377.000000,8377
ip1347	,4166.399902,41664
ip1348	,10833.562500,173337
ip1349	,52438.640625,2045107
ip1350	,15384.857422,107694
ip1351	,17863.000000,17863
ip1352	,2555.833252,15335
ip1353	,59545.000000,59545
ip1354	,4530.777832,40777
ip1355	,31025.666016,93077
ip1356	,318.000000,318
ip1357	,6418.000000,12836
ip1358	,12550.000000,12550
ip1359	,4092.000000,8184
ip1360	,35163.554688,316472
ip1361	,15384.857422,107694
ip1362	,30090.636719,330997
ip1363	,327570.000000,655140
ip1364	,89778.000000,89778
ip1365	,41328.000000,41328
ip1366	,30824.000000,339064
ip1367	,143.000000,286
ip1368	,21184.000000,783808
ip1369	,35163.554688,316472
ip1370	,23677.058594,402510
ip1371	,7383.000000,7383
ip1372	,0.000000,0
ip1373	,41828.000000,41828
ip1374	,50362.000000,50362
ip1375	,6683.500000,13367
ip1376	,8198.750000,65590
ip1377	,9109.142578,127528
ip1378	,31679.000000,316790
ip1379	,7383.000000,7383
ip1380	,110356.750000,441427
ip1381	,12550.000000,12550
ip1382	,318.000000,318
ip1383	,13112.713867,91789
ip1384	,4530.777832,40777
ip1385	,4347.500000,8695
ip1386	,1555.000000,3110
ip1387	,69480.000000,69480
ip1388	,33068.667969,396824
ip1389	,100235.000000,100235
ip1390	,100235.000000,100235
ip1391	,9829.500000,19659
ip1392	,41828.000000,83656
ip1393	,81083.000000,81083
ip1394	,13367.000000,3101144
ip1395	,8198.750000,65590
ip1396	,89778.000000,89778
ip1397	,11586.000000,11586
ip1398	,19347.587891,328909
ip1399	,318.000000,318
ip1400	,143.000000,286
ip1401	,30824.000000,339064
ip1402	,277.000000,277
ip1403	,66980.000000,66980
ip1404	,318.000000,318
ip1405	,15697.555664,141278
ip1406	,28828.000000,317108
ip1407	,887.000000,887
ip1408	,111259.000000,445036
ip1409	,106483.750000,1277805
ip1410	,277.000000,277
ip1411	,14564.200195,72821
ip1412	,31679.000000,316790
ip1413	,30824.000000,339064
ip1414	,183271.671875,549815
ip1415	,17974.000000,17974
ip1416	,9884.000000,19768
ip1417	,286.000000,286
ip1418	,9109.142578,63764
ip1419	,0.000000,0
ip1420	,12550.000000,12550
ip1421	,6412.000000,12824
ip1422	,31679.000000,316790
ip1423	,18091.000000,18091
ip1424	,29093.539063,378216
ip1425	,318.000000,318
ip1426	,65855.000000,65855
ip1427	,59545.000000,59545
ip1428	,59545.000000,59545
ip1429	,33874.601563,338746
ip1430	,15384.857422,107694
ip1431	,19031.671875,1275122
ip1432	,31679.000000,316790
ip1433	,20734.166016,373215
ip1434	,31394.230469,408125
ip1435	,7234.333496,43406
ip1436	,12550.000000,12550
ip1437	,31293.333984,187760
ip1438	,8198.750000,65590
ip1439	,9829.500000,19659
ip1440	,31711.285156,443958
ip1441	,30824.000000,339064
ip1442	,31025.666016,93077
ip1443	,11452.272461,125975
ip1444	,25137.900391,502758
ip1445	,23974.777344,215773
ip1446	,6412.000000,12824
ip1447	,31679.000000,316790
ip1448	,19341.000000,19341
ip1449	,274.000000,274
ip1450	,51575.371094,1392535
ip1451	,143.000000,286
ip1452	,11152.000000,22304
ip1453	,15384.857422,107694
ip1454	,19450.000000,19450
ip1455	,143.000000,286
ip1456	,7317.500000,14635
ip1457	,312.000000,312
ip1458	,12550.000000,12550
ip1459	,12550.000000,12550
ip1460	,24088.875000,192711
ip1461	,6418.000000,12836
ip1462	,312.000000,312
ip1463	,19424.427734,135971
ip1464	,11028.777344,99259
ip1465	,9829.500000,19659
ip1466	,33874.601563,338746
ip1467	,23193.923828,301521
ip1468	,10233.000000,30699
ip1469	,56614.308594,735986
ip1470	,16248.000000,16248
ip1471	,70920.843750,921971
ip1472	,28281.833984,339382
ip1473	,14532.257813,450500
ip1474	,33874.601563,338746
ip1475	,29904.375000,239235
ip1476	,19343.000000,38686
ip1477	,33068.667969,396824
ip1478	,8655.000000,8655
ip1479	,0.000000,0
ip1480	,100773.000000,604638
ip1481	,41828.000000,41828
ip1482	,33874.601563,338746
ip1483	,318.000000,318
ip1484	,8599.000000,8599
ip1485	,81083.000000,81083
ip1486	,2373.000000,2373
ip1487	,110814.937500,3435263
ip1488	,31211.714844,218482
ip1489	,12550.000000,12550
ip1490	,297.000000,594
ip1491	,55874.000000,335244
ip1492	,12550.000000,12550
ip1493	,20084.000000,40168
ip1494	,15384.857422,107694
ip1495	,8198.750000,65590
ip1496	,7540.666504,22622
ip1497	,33874.601563,338746
ip1498	,4908.799805,24544
ip1499	,59545.000000,59545
ip1500	,14684.875000,117479
ip1501	,106938.000000,106938
ip1502	,28742.500000,517365
ip1503	,10362.384766,269422
ip1504	,30824.000000,339064
ip1505	,30715.000000,368580
ip1506	,12550.000000,12550
ip1507	,33874.601563,338746
ip1508	,15011.450195,600458
ip1509	,89778.000000,89778
ip1510	,19659.630859,373533
ip1511	,30567.916016,366815
ip1512	,4785.384766,62210
ip1513	,28811.000000,230488
ip1514	,109331.000000,109331
ip1515	,31679.000000,316790
ip1516	,13132.750000,52531
ip1517	,6412.000000,12824
ip1518	,35163.554688,316472
ip1519	,11152.000000,22304
ip1520	,15384.857422,107694
ip1521	,9829.500000,19659
ip1522	,30824.000000,339064
ip1523	,26319.111328,473744
ip1524	,145223.250000,1742679
ip1525	,13098.161133,406043
ip1526	,30824.000000,339064
ip1527	,451244.468750,4963689
ip1528	,12958.500000,51834
ip1529	,12550.000000,12550
ip1530	,13600.000000,13600
ip1531	,15384.857422,107694
ip1532	,6412.000000,12824
ip1533	,6412.000000,12824
ip1534	,7317.500000,14635
ip1535	,23718.666016,426936
ip1536	,30824.000000,339064
ip1537	,30824.000000,339064
ip1538	,30824.000000,339064
ip1539	,143.000000,286
ip1540	,31679.000000,316790
ip1541	,130482.000000,130482
ip1542	,31679.000000,316790
ip1543	,8198.750000,65590
ip1544	,17432.666016,156894
ip1545	,30824.000000,339064
ip1546	,286.000000,286
ip1547	,8599.000000,8599
ip1548	,16104.555664,144941
ip1549	,2593.000000,2593
ip1550	,59545.000000,59545
ip1551	,18414.500000,36829
ip1552	,29626.726563,325894
ip1553	,24227.000000,72681
ip1554	,16498.882813,280481
ip1555	,29755.066406,446326
ip1556	,33874.601563,338746
ip1557	,1925.000000,3850
ip1558	,30824.000000,339064
ip1559	,11077.000000,11077
ip1560	,30658.000000,30658
ip1561	,81083.000000,81083
ip1562	,4367.000000,13101
ip1563	,33874.601563,338746
ip1564	,30824.000000,339064
ip1565	,7914.333496,47486
ip1566	,0.000000,0
ip1567	,4166.399902,41664
ip1568	,80518.000000,80518
ip1569	,8198.750000,131180
ip1570	,12550.000000,12550
ip1571	,24088.875000,192711
ip1572	,12550.000000,12550
ip1573	,902.500000,1805
ip1574	,54300.250000,217201
ip1575	,8198.750000,65590
ip1576	,21269.500000,127617
ip1577	,33874.601563,338746
ip1578	,33874.601563,338746
ip1579	,29498.416016,353981
ip1580	,30824.000000,339064
ip1581	,31679.000000,316790
ip1582	,48819.082031,585829
ip1583	,318.000000,318
ip1584	,109181.335938,327544
ip1585	,13946.500000,27893
ip1586	,24602.687500,393643
ip1587	,13596.000000,13596
ip1588	,33874.601563,338746
ip1589	,91381.664063,274145
ip1590	,33068.667969,396824
ip1591	,16444.500000,65778
ip1592	,31491.500000,377898
ip1593	,21174.800781,211748
ip1594	,33160.500000,132642
ip1595	,0.000000,0
ip1596	,1864.000000,1864
ip1597	,11954.437500,1338897
ip1598	,195142.000000,195142
ip1599	,59295.000000,59295
ip1600	,19475.960938,486899
ip1601	,4570.000000,4570
ip1602	,14684.875000,117479
ip1603	,23926.500000,47853
ip1604	,8342.000000,8342
ip1605	,30824.000000,339064
ip1606	,12550.000000,12550
ip1607	,45340.500000,90681
ip1608	,4281.000000,4281
ip1609	,31679.000000,316790
ip1610	,20376.044922,448273
ip1611	,54214.570313,379502
ip1612	,33874.601563,338746
ip1613	,2085.000000,2085
ip1614	,72090.000000,72090
ip1615	,24425.125000,390802
